,Date,Time,,,,,,,,,,,
1,4/28/2021,,,,,,,,,,,,
2,4/20/2021,12:37,,,,,,,,,,,
3,4/16/2021,7:37 PM,,,,,,,,,,,
4,4/16/2021,11:01 AM,,,,,,,,,,,
5,4/14/2021,3:10 PM,,,,,,,,,,,
6,4/14/2021,10:33 PM,,,,,,,,,,,
7,4/14/2021,4:32 PM,,,,,,,,,,,
8,4/14/2021,4:19 PM,,,,,,,,,,,
9,4/11/2021,6:23 AM,,,,,,,,,,,
10,4/11/2021,12:18 AM,,,,,,,,,,,
11,4/10/2021,1:25 AM,,,,,,,,,,,
12,4/9/2021,1:32 AM,,,,,,,,,,,
13,4/8/2021,2:45 PM,,,,,,,,,,,
14,3/25/2021,1:54 AM,,,,,,,,,,,
15,3/25/2021,1:33 AM,,,,,,,,,,,
16,3/18/2021,3:17 PM,,,,,,,,,,,
17,3/15/2021,5:11 PM,,,,,,,,,,,
18,3/13/2021,4:51 PM,,,,,,,,,,,
19,3/13/2021,4:46 PM,,,,,,,,,,,
20,3/13/2021,4:40 PM,,,,,,,,,,,
21,3/12/2021,7:10 PM,,,,,,,,,,,
22,3/5/2021,9:40PM,,,,,,,,,,,
23,3/2/2021,1:36 AM,,,,,,,,,,,
24,3/1/2021,12:57 PM,,,,,,,,,,,
25,2/24/2021,6:15 AM,,,,,,,,,,,
26,2/24/2021,6:00 AM,,,,,,,,,,,
27,2/23/2021,3:46 AM,,,,,,,,,,,
28,2/21/2021,2:27 PM,,,,,,,,,,,
29,2/20/2021,4:42 PM,,,,,,,,,,,
30,2/20/2021,1:52 PM,,,,,,,,,,,
31,2/20/2021,1:42 AM,,,,,,,,,,,
32,2/18/2021,8:11 PM,,,,,,,,,,,
33,2/16/2021,9:09 AM,,,,,,,,,,,
34,2/16/2021,9:05 AM,,,,,,,,,,,
35,2/14/2021,3:08 AM,,,,,,,,,,,
36,2/14/2021,4:25 PM,,,,,,,,,,,
37,2/14/2021,4:33 PM,,,,,,,,,,,
38,2/11/2021,4:27 PM,,,,,,,,,,,
39,2/10/2021,8:08 AM,,,,,,,,,,,
40,2/7/2021,10:27 PM,,,,,,,,,,,
41,2/7/2021,10:34 PM,,,,,,,,,,,
42,2/5/2021,9:51 PM,,,,,,,,,,,
43,2/7/2021,4:30 PM,,,,,,,,,,,
44,2/7/2021,3:25 PM,,,,,,,,,,,
45,2/7/2021,12:41 AM,,,,,,,,,,,
46,2/6/2021,1:42 AM,,,,,,,,,,,
47,2/4/2021,1:27 AM,,,,,,,,,,,
48,2/4/2021,1:15 AM,,,,,,,,,,,
49,2/4/2021,12:57 PM,,,,,,,,,,,
50,2/4/2021,12:35 AM,,,,,,,,,,,
51,2/4/2021,12:40 AM,,,,,,,,,,,
52,12/25/2020,9:47 AM,,,,,,,,,,,
53,12/20/2020,2:44 AM,,,,,,,,,,,
54,12/20/2020,2:30 AM,,,,,,,,,,,
55,12/20/2020,2:24 AM,,,,,,,,,,,
56,12/20/2020,1:54 AM,,,,,,,,,,,
57,12/20/2020,1:46 AM,,,,,,,,,,,
58,12/20/2020,1:21 AM,,,,,,,,,,,
59,7/17/2020,6:58 PM,,,,,,,,,,,
60,4/2/2019,3:24 AM,,,,,,,,,,,
